{"cameraMode":{"drawMode":0,"name":"Shaded","section":"Shading Mode"},"sceneLighting":true,"audioPlay":false,"sceneViewState":{"m_AlwaysRefresh":false,"showFog":true,"showSkybox":false,"showFlares":true,"showImageEffects":true,"showParticleSystems":true,"showVisualEffectGraphs":true,"m_FxEnabled":true},"in2DMode":false,"pivot":{"x":462.6927490234375,"y":139.8195037841797,"z":-547.5164184570313},"rotation":{"x":0.09301695972681046,"y":-0.032943613827228549,"z":-0.0030472411308437587,"w":-0.9952372908592224},"size":192.1431121826172,"orthographic":false}