{"cameraMode":{"drawMode":0,"name":"Shaded","section":"Shading Mode"},"sceneLighting":true,"audioPlay":false,"sceneViewState":{"m_AlwaysRefresh":false,"showFog":true,"showSkybox":false,"showFlares":true,"showImageEffects":true,"showParticleSystems":true,"showVisualEffectGraphs":true,"m_FxEnabled":true},"in2DMode":false,"pivot":{"x":247.64285278320313,"y":207.71556091308595,"z":-161.25869750976563},"rotation":{"x":-0.05951782688498497,"y":0.32732757925987246,"z":0.02061641775071621,"w":0.9433189034461975},"size":625.3526611328125,"orthographic":false}