{"cameraMode":{"drawMode":0,"name":"Shaded","section":"Shading Mode"},"sceneLighting":true,"audioPlay":false,"sceneViewState":{"m_AlwaysRefresh":false,"showFog":true,"showSkybox":false,"showFlares":true,"showImageEffects":true,"showParticleSystems":true,"showVisualEffectGraphs":true,"m_FxEnabled":true},"in2DMode":false,"pivot":{"x":-43.424495697021487,"y":-35.82902908325195,"z":-116.71781158447266},"rotation":{"x":0.027636777609586717,"y":-0.9697543978691101,"z":0.13053281605243684,"w":0.2049567550420761},"size":101.45378875732422,"orthographic":false}