{"cameraMode":{"drawMode":0,"name":"Shaded","section":"Shading Mode"},"sceneLighting":true,"audioPlay":false,"sceneViewState":{"m_AlwaysRefresh":false,"showFog":true,"showSkybox":false,"showFlares":true,"showImageEffects":true,"showParticleSystems":true,"showVisualEffectGraphs":true,"m_FxEnabled":true},"in2DMode":false,"pivot":{"x":-0.022903986275196077,"y":-45.91030502319336,"z":8.106184959411621},"rotation":{"x":0.2702846825122833,"y":0.12573841214179994,"z":-0.03556061163544655,"w":0.9542712569236755},"size":14.005107879638672,"orthographic":false}