{"cameraMode":{"drawMode":0,"name":"Shaded","section":"Shading Mode"},"sceneLighting":true,"audioPlay":false,"sceneViewState":{"m_AlwaysRefresh":false,"showFog":true,"showSkybox":false,"showFlares":true,"showImageEffects":true,"showParticleSystems":true,"showVisualEffectGraphs":true,"m_FxEnabled":true},"in2DMode":false,"pivot":{"x":71.99657440185547,"y":-3.125150680541992,"z":110.11463928222656},"rotation":{"x":0.026099974289536477,"y":0.30697566270828249,"z":-0.008355511352419854,"w":0.9517516493797302},"size":71.32087707519531,"orthographic":false}